number,formid,form.sample_collection_dt,form.coordinates,form.species,form.if_other,form.cnty_name,form.sbcnty_name,form.sbcnty_name1,form.ward_sample,form.ward_sample1,form.sample_source,form.clinical_signs,form.if_known,form.other,completed_time,started_time,username,received_on,form_link,hq_user
0,29170d4e-1d92-4757-94a1-9ae33a3fdf59,02/07/2021,-1.668637 37.7992833 985.11 7.35,3,---,mkn_cnty,Mbooni,---,Kalawa,---,community,1,aggressive running_aimlessly hydrophobia excessive_salivation biting_objects,,02/07/2021 09:06,02/07/2021 09:04,jim,02/07/2021 09:06,https://www.commcarehq.org/a/onewater/reports/form_data/29170d4e-1d92-4757-94a1-9ae33a3fdf59/,jim
1,bc723fea-d991-4a2c-83b4-59773906b329,12/07/2021,-1.8126218 37.5942726 1198.16 23.26,6,Sheep,mkn_cnty,Makueni,---,Wote,---,health_worker,1,---,The_Sheep_was_bitten_by_a_Stray_dog,12/07/2021 10:05,12/07/2021 10:02,jim,12/07/2021 10:05,https://www.commcarehq.org/a/onewater/reports/form_data/bc723fea-d991-4a2c-83b4-59773906b329/,jim
2,d33e4f1c-6282-43f7-8fed-a60cf9158570,09/07/2021,-1.756450105458498 37.69349366426468 1005.0 5.0,1,---,mkn_cnty,Mbooni,---,Waia / Kako,---,health_facility,1,aggressive biting_objects high_libido,---,09/07/2021 11:06,09/07/2021 11:01,muteti,15/07/2021 07:21,https://www.commcarehq.org/a/onewater/reports/form_data/d33e4f1c-6282-43f7-8fed-a60cf9158570/,muteti
3,8fe0592d-a19c-47d9-9c27-d693329e2251,18/07/2021,-1.9056825153529644 37.74589757435024 1043.0 6.5,5,---,mkn_cnty,Makueni,---,Kathonzweni,---,health_worker,1,aggressive hydrophobia excessive_salivation high_libido paralysis,---,18/07/2021 15:56,18/07/2021 15:51,muteti,18/07/2021 15:59,https://www.commcarehq.org/a/onewater/reports/form_data/8fe0592d-a19c-47d9-9c27-d693329e2251/,muteti
4,fa760392-f426-4403-a4f2-5c7e0153b479,26/07/2021,-1.7593712825328112 37.62397021986544 1097.0 8.0,1,---,mkn_cnty,Makueni,---,Wote,---,health_worker,1,aggressive hydrophobia biting_objects,---,26/07/2021 13:08,26/07/2021 13:05,muteti,26/07/2021 13:11,https://www.commcarehq.org/a/onewater/reports/form_data/fa760392-f426-4403-a4f2-5c7e0153b479/,muteti
5,a8da5f40-e8e8-47b8-871a-79cb761e2ecb,05/08/2021,-1.9109679339453578 37.73264955729246 1068.0 5.0,1,---,mkn_cnty,Makueni,---,Kathonzweni,---,health_worker,1,aggressive running_aimlessly excessive_salivation biting_objects,---,05/08/2021 14:27,05/08/2021 14:23,muteti,05/08/2021 14:31,https://www.commcarehq.org/a/onewater/reports/form_data/a8da5f40-e8e8-47b8-871a-79cb761e2ecb/,muteti
6,73fe5e33-9346-4063-80c1-5e5730136926,09/08/2021,-1.6978065 37.8155588 957.28 5.08,1,---,mkn_cnty,Mbooni,---,Kalawa,---,health_worker,1,aggressive running_aimlessly biting_objects,---,09/08/2021 14:27,09/08/2021 14:26,jim,09/08/2021 14:27,https://www.commcarehq.org/a/onewater/reports/form_data/73fe5e33-9346-4063-80c1-5e5730136926/,jim
7,3b786487-90bf-427b-bd93-b773abcacbb5,10/08/2021,-1.9913764111697674 37.75691717863083 995.0 8.5,2,---,mkn_cnty,Makueni,---,Kathonzweni,---,health_worker,0,---,---,10/08/2021 13:41,10/08/2021 13:40,muteti,10/08/2021 13:41,https://www.commcarehq.org/a/onewater/reports/form_data/3b786487-90bf-427b-bd93-b773abcacbb5/,muteti
8,f8833c7c-c98d-4e88-b538-707c816bec54,10/08/2021,-1.9913538 37.7568672 1013.22 4.92,1,---,mkn_cnty,Makueni,---,Kathonzweni,---,health_worker,1,aggressive running_aimlessly biting_objects,---,10/08/2021 13:44,10/08/2021 13:42,jim,10/08/2021 14:37,https://www.commcarehq.org/a/onewater/reports/form_data/f8833c7c-c98d-4e88-b538-707c816bec54/,jim
9,4c9c74f9-4d11-4cbf-a9fb-1ec14a0dbe19,11/08/2021,0.0919224 34.2327891 1214.85 10.78,1,---,sia_cnty,---,Alego_Usonga,---,Central Alego,health_worker,1,aggressive running_aimlessly excessive_salivation biting_objects,---,11/08/2021 11:53,11/08/2021 11:51,oigo,11/08/2021 11:53,https://www.commcarehq.org/a/onewater/reports/form_data/4c9c74f9-4d11-4cbf-a9fb-1ec14a0dbe19/,oigo
10,367516de-9319-4634-b91a-dbc769f00943,11/08/2021,0.0919283 34.2327283 1240.55 5.9,1,---,sia_cnty,---,Alego_Usonga,---,Central Alego,health_worker,1,aggressive running_aimlessly excessive_salivation high_libido,---,11/08/2021 11:53,11/08/2021 11:52,tabala,11/08/2021 11:54,https://www.commcarehq.org/a/onewater/reports/form_data/367516de-9319-4634-b91a-dbc769f00943/,tabala
11,08cd6537-a326-40e4-b956-389732bcd5d5,16/08/2021,-0.0353283 34.1016217 626.71 8.6,1,---,sia_cnty,---,Bondo,---,Yimbo East,community,1,aggressive excessive_salivation high_libido,---,16/08/2021 12:30,16/08/2021 12:29,oigo,16/08/2021 12:30,https://www.commcarehq.org/a/onewater/reports/form_data/08cd6537-a326-40e4-b956-389732bcd5d5/,oigo
12,6f6eeb4d-b321-4c1d-845f-16dffa81dfcb,16/08/2021,-0.0286375 34.0979407 603.8 4.0,1,---,sia_cnty,---,Bondo,---,Yimbo East,health_worker,1,hydrophobia excessive_salivation paralysis,---,16/08/2021 12:11,16/08/2021 12:10,tabala,16/08/2021 16:09,https://www.commcarehq.org/a/onewater/reports/form_data/6f6eeb4d-b321-4c1d-845f-16dffa81dfcb/,tabala
13,9cee95e3-a56c-487b-b7c7-786a3f411643,17/08/2021,-2.6586647937074304 38.096378641203046 838.0 5.0,1,---,mkn_cnty,Kibwezi_East,---,Ivingoni / Nzambani,---,health_worker,1,aggressive running_aimlessly excessive_salivation biting_objects,---,17/08/2021 07:34,17/08/2021 07:33,muteti,17/08/2021 07:34,https://www.commcarehq.org/a/onewater/reports/form_data/9cee95e3-a56c-487b-b7c7-786a3f411643/,muteti
14,ba9c0c40-e560-4f56-8d25-dbb618b0c53d,19/08/2021,-1.5745706 37.5779544 1168.75 4.66,3,---,mkn_cnty,Mbooni,---,Waia / Kako,---,health_worker,1,aggressive biting_objects high_libido ,Anorexia,19/08/2021 13:23,19/08/2021 13:22,jim,19/08/2021 13:23,https://www.commcarehq.org/a/onewater/reports/form_data/ba9c0c40-e560-4f56-8d25-dbb618b0c53d/,jim
15,a159f544-e77b-413d-bb50-065fd252e38c,20/08/2021,-0.0516722 34.068606 1129.99 4.58,5,---,sia_cnty,---,Bondo,---,West Yimbo,health_worker,1,running_aimlessly hydrophobia excessive_salivation,---,20/08/2021 12:47,20/08/2021 12:45,oigo,20/08/2021 12:47,https://www.commcarehq.org/a/onewater/reports/form_data/a159f544-e77b-413d-bb50-065fd252e38c/,oigo
16,3a15271c-eb20-478a-bb4d-d156559e3979,20/08/2021,-0.0593687 34.070337 1189.83 4.59,1,---,sia_cnty,---,Bondo,---,West Yimbo,community,1,aggressive hydrophobia excessive_salivation paralysis,---,20/08/2021 15:08,20/08/2021 15:07,tabala,20/08/2021 16:48,https://www.commcarehq.org/a/onewater/reports/form_data/3a15271c-eb20-478a-bb4d-d156559e3979/,tabala
17,bea444bc-50e7-47cf-8289-e4cb91573fa2,26/08/2021,-1.7294052243232727 37.67647278495133 1026.0 8.5,5,---,mkn_cnty,Mbooni,---,Waia / Kako,---,health_worker,1,excessive_salivation paralysis,---,26/08/2021 08:01,26/08/2021 07:59,muteti,26/08/2021 08:02,https://www.commcarehq.org/a/onewater/reports/form_data/bea444bc-50e7-47cf-8289-e4cb91573fa2/,muteti
18,823d2fcd-9948-4b6d-af06-1e5b0cbbede5,26/08/2021,-2.0149924233555794 37.70151766017079 951.0 5.0,3,---,mkn_cnty,Makueni,---,Kathonzweni,---,health_worker,1,aggressive running_aimlessly excessive_salivation biting_objects ,Anorexia,26/08/2021 12:37,26/08/2021 12:35,muteti,26/08/2021 12:37,https://www.commcarehq.org/a/onewater/reports/form_data/823d2fcd-9948-4b6d-af06-1e5b0cbbede5/,muteti
19,c9cc9324-0648-483e-aa9a-3e6cae203ae8,31/08/2021,0.0859824 34.2357432 1243.31 19.0,5,---,sia_cnty,---,Alego_Usonga,---,Central Alego,health_worker,1,hydrophobia excessive_salivation,---,31/08/2021 13:13,31/08/2021 13:07,oigo,31/08/2021 13:14,https://www.commcarehq.org/a/onewater/reports/form_data/c9cc9324-0648-483e-aa9a-3e6cae203ae8/,oigo
20,95ccb96b-e348-4cba-8e43-15fd0064b493,01/09/2021,-1.8725005 37.6740305 1116.57 5.41,1,---,mkn_cnty,Makueni,---,Muvau / Kikumini,---,health_worker,1,aggressive running_aimlessly biting_objects,---,01/09/2021 10:01,01/09/2021 09:56,jim,01/09/2021 11:43,https://www.commcarehq.org/a/onewater/reports/form_data/95ccb96b-e348-4cba-8e43-15fd0064b493/,jim
21,2944b407-f820-4ebb-91a2-4073b977c0e6,01/09/2021,-1.9171232 37.7198267 1259.16 5.2,1,---,mkn_cnty,Makueni,---,Kathonzweni,---,health_worker,1,---,Diarrhoea,01/09/2021 11:43,01/09/2021 11:40,jim,01/09/2021 11:43,https://www.commcarehq.org/a/onewater/reports/form_data/2944b407-f820-4ebb-91a2-4073b977c0e6/,jim
22,3010e472-95d2-4edd-b999-12fffb64987f,01/09/2021,-1.9173259 37.7196362 1064.37 5.0,1,---,mkn_cnty,Makueni,---,Kathonzweni,---,health_worker,1,---,Anorexia protrusion_of_the_tongue,01/09/2021 11:46,01/09/2021 11:44,jim,01/09/2021 11:46,https://www.commcarehq.org/a/onewater/reports/form_data/3010e472-95d2-4edd-b999-12fffb64987f/,jim
23,24d4b3ef-fc95-419c-88cb-9b2315db14cc,02/09/2021,-2.0050661964342 37.7541624661535 962.0 8.0,3,---,mkn_cnty,Makueni,---,Kathonzweni,---,health_worker,1,aggressive excessive_salivation biting_objects high_libido,---,02/09/2021 11:20,02/09/2021 11:19,muteti,02/09/2021 12:38,https://www.commcarehq.org/a/onewater/reports/form_data/24d4b3ef-fc95-419c-88cb-9b2315db14cc/,muteti
24,6b52db0b-eb8e-4e19-b793-753cfe1c7ebb,03/09/2021,-2.0572249 37.7592134 936.74 6.83,1,---,mkn_cnty,Makueni,---,Kathonzweni,---,health_worker,1,aggressive excessive_salivation,---,03/09/2021 07:31,03/09/2021 07:28,jim,03/09/2021 07:31,https://www.commcarehq.org/a/onewater/reports/form_data/6b52db0b-eb8e-4e19-b793-753cfe1c7ebb/,jim
25,a49670bc-918e-4c02-9069-452d13b3e597,05/09/2021,0.0044279 34.1237382 1150.78 31.23,1,---,sia_cnty,---,Bondo,---,Yimbo East,toll_free_line,1,aggressive running_aimlessly excessive_salivation biting_objects,---,05/09/2021 07:03,05/09/2021 07:01,oigo,05/09/2021 07:03,https://www.commcarehq.org/a/onewater/reports/form_data/a49670bc-918e-4c02-9069-452d13b3e597/,oigo
26,18def2ac-cff3-4256-be58-fb6a52b44747,05/09/2021,0.0050727 34.1241762 1153.74 8.08,1,---,sia_cnty,---,Bondo,---,Yimbo East,toll_free_line,0,---,---,05/09/2021 07:44,05/09/2021 07:44,tabala,05/09/2021 07:45,https://www.commcarehq.org/a/onewater/reports/form_data/18def2ac-cff3-4256-be58-fb6a52b44747/,tabala
27,7778daf7-2114-44d5-887c-b1055f04db8a,05/09/2021,0.0084339 34.1270982 1134.69 4.45,1,---,sia_cnty,---,Bondo,---,Yimbo East,toll_free_line,1,aggressive excessive_salivation biting_objects,---,05/09/2021 08:13,05/09/2021 08:12,oigo,05/09/2021 08:13,https://www.commcarehq.org/a/onewater/reports/form_data/7778daf7-2114-44d5-887c-b1055f04db8a/,oigo
28,65b33aee-2b04-4a21-b44e-083e8ac61e7d,05/09/2021,0.0667313 34.2780514 1245.45 3.9,1,---,sia_cnty,---,Alego_Usonga,---,Siaya Township,toll_free_line,0,---,---,05/09/2021 10:47,05/09/2021 10:46,oigo,05/09/2021 10:47,https://www.commcarehq.org/a/onewater/reports/form_data/65b33aee-2b04-4a21-b44e-083e8ac61e7d/,oigo
29,f30d0f4b-3a49-4cf8-8f59-5c34283de148,10/09/2021,-0.1781597 34.3524821 1147.27 8.5,5,---,sia_cnty,---,Rarieda,---,West Asembo,health_worker,1,aggressive running_aimlessly hydrophobia excessive_salivation,---,10/09/2021 12:52,10/09/2021 12:51,oigo,10/09/2021 12:52,https://www.commcarehq.org/a/onewater/reports/form_data/f30d0f4b-3a49-4cf8-8f59-5c34283de148/,oigo
30,c0da0363-6d9b-433d-992c-2c69ca875d39,02/09/2021,0.068245 34.2772117 1273.28 4.9,5,---,sia_cnty,---,Alego_Usonga,---,Siaya Township,community,1,aggressive excessive_salivation paralysis,---,02/09/2021 10:41,02/09/2021 10:39,tabala,11/09/2021 07:55,https://www.commcarehq.org/a/onewater/reports/form_data/c0da0363-6d9b-433d-992c-2c69ca875d39/,tabala
31,a72da081-97fc-45d7-b145-c9d0ce3cc727,02/09/2021,0.0681938 34.2772192 1276.22 4.5,5,---,sia_cnty,---,Alego_Usonga,---,Siaya Township,community,1,aggressive excessive_salivation paralysis,---,02/09/2021 10:46,02/09/2021 10:43,tabala,11/09/2021 07:55,https://www.commcarehq.org/a/onewater/reports/form_data/a72da081-97fc-45d7-b145-c9d0ce3cc727/,tabala
32,8db971be-9088-468f-b22f-bd6e1601b936,11/09/2021,-0.0529475 34.1441404 1129.2 4.4,1,---,sia_cnty,---,Bondo,---,Yimbo East,toll_free_line,1,aggressive running_aimlessly hydrophobia excessive_salivation high_libido paralysis,---,11/09/2021 05:19,11/09/2021 05:18,tabala,11/09/2021 07:55,https://www.commcarehq.org/a/onewater/reports/form_data/8db971be-9088-468f-b22f-bd6e1601b936/,tabala
33,0006c412-58dc-429c-b522-fed0f14fa8d8,13/09/2021,-1.920203 37.7463043 1018.05 14.83,5,---,mkn_cnty,Makueni,---,Kathonzweni,---,health_worker,1,aggressive hydrophobia excessive_salivation ,Anotexia,13/09/2021 08:58,13/09/2021 08:53,jim,13/09/2021 08:58,https://www.commcarehq.org/a/onewater/reports/form_data/0006c412-58dc-429c-b522-fed0f14fa8d8/,jim
34,53c43c0b-a508-4cae-b4d8-15f1888afd26,07/09/2021,-1.6857073875144124 37.79714461416006 983.0 9.0,3,---,mkn_cnty,Mbooni,---,Kalawa,---,health_worker,1,paralysis ,Anorexia,07/09/2021 08:41,07/09/2021 08:39,muteti,21/09/2021 07:06,https://www.commcarehq.org/a/onewater/reports/form_data/53c43c0b-a508-4cae-b4d8-15f1888afd26/,muteti
35,c9be65c2-3f7a-4c81-94d8-79e65f37c594,21/09/2021,-0.260504 34.3206411 1173.74 4.54,1,---,sia_cnty,---,Rarieda,---,West Uyoma,health_worker,1,aggressive running_aimlessly hydrophobia excessive_salivation biting_objects high_libido,---,21/09/2021 06:42,21/09/2021 06:41,tabala,23/09/2021 06:44,https://www.commcarehq.org/a/onewater/reports/form_data/c9be65c2-3f7a-4c81-94d8-79e65f37c594/,tabala
36,bec3280f-4dcb-4b54-87f4-39d26071b832,24/09/2021,-2.6197782 38.2756755 600.07 6.5,1,---,mkn_cnty,Kibwezi_East,---,Mtito Andei,---,toll_free_line,1,aggressive running_aimlessly,---,24/09/2021 07:11,24/09/2021 07:09,jim,24/09/2021 09:56,https://www.commcarehq.org/a/onewater/reports/form_data/bec3280f-4dcb-4b54-87f4-39d26071b832/,jim
37,e5dd1f84-f763-4cb0-8238-d8c92f9507c1,24/09/2021,-2.2851741 37.8199146 989.38 7.9,1,---,mkn_cnty,Kibwezi_West,---,Nguumo,---,health_worker,1,paralysis ,groaning,24/09/2021 09:58,24/09/2021 09:56,jim,24/09/2021 09:58,https://www.commcarehq.org/a/onewater/reports/form_data/e5dd1f84-f763-4cb0-8238-d8c92f9507c1/,jim
38,7334c9c7-6dec-466a-aada-968b54a93325,27/09/2021,-1.8880997551605105 37.73170734755695 1065.0 8.0,1,---,mkn_cnty,Makueni,---,Kathonzweni,---,health_worker,1,aggressive running_aimlessly biting_objects,---,27/09/2021 12:19,27/09/2021 12:17,muteti,27/09/2021 12:20,https://www.commcarehq.org/a/onewater/reports/form_data/7334c9c7-6dec-466a-aada-968b54a93325/,muteti
39,0fc2d18d-f6e3-4fad-8a4a-08ac214336cd,26/09/2021,-0.1319069 34.3523391 1255.05 4.26,1,---,sia_cnty,---,Rarieda,---,West Asembo,health_worker,1,aggressive biting_objects high_libido paralysis,---,26/09/2021 12:20,26/09/2021 12:19,tabala,27/09/2021 19:22,https://www.commcarehq.org/a/onewater/reports/form_data/0fc2d18d-f6e3-4fad-8a4a-08ac214336cd/,tabala
40,d9841110-fe7e-4d47-9321-25682116984c,01/10/2021,-1.9020124 37.7600679 1033.16 4.31,1,---,mkn_cnty,Makueni,---,Kathonzweni,---,health_worker,1,aggressive running_aimlessly biting_objects,---,01/10/2021 12:51,01/10/2021 12:50,jim,01/10/2021 12:51,https://www.commcarehq.org/a/onewater/reports/form_data/d9841110-fe7e-4d47-9321-25682116984c/,jim
41,9c6c25f1-eac3-4dbc-adae-4b6c2f0b1b66,01/10/2021,-0.2338915 34.3307561 1170.67 6.05,5,---,sia_cnty,---,Rarieda,---,West Uyoma,health_worker,1,hydrophobia excessive_salivation ,frequent_mooing,01/10/2021 13:19,01/10/2021 13:17,tabala,02/10/2021 08:07,https://www.commcarehq.org/a/onewater/reports/form_data/9c6c25f1-eac3-4dbc-adae-4b6c2f0b1b66/,tabala
42,66d14989-0689-4b79-bd38-34c07de99fee,05/10/2021,-0.2460483 34.3097667 1175.42 5.0,5,---,sia_cnty,---,Rarieda,---,West Uyoma,health_worker,1,aggressive running_aimlessly hydrophobia excessive_salivation biting_objects high_libido,---,05/10/2021 08:43,05/10/2021 08:35,tabala,05/10/2021 13:21,https://www.commcarehq.org/a/onewater/reports/form_data/66d14989-0689-4b79-bd38-34c07de99fee/,tabala
43,8455cc1f-39ba-4166-993b-6dbc4ede9c06,09/10/2021,-1.9560910714790225 37.68117059022188 1049.0 9.0,1,---,mkn_cnty,Makueni,---,Muvau / Kikumini,---,health_worker,1,aggressive running_aimlessly biting_objects,---,09/10/2021 14:07,09/10/2021 14:06,muteti,09/10/2021 14:07,https://www.commcarehq.org/a/onewater/reports/form_data/8455cc1f-39ba-4166-993b-6dbc4ede9c06/,muteti
44,6b8f5294-848a-4ce7-8395-80641d2d803b,12/10/2021,-0.071625 34.382025 1279.65 9.0,1,---,sia_cnty,---,Bondo,---,West Yimbo,health_worker,1,aggressive excessive_salivation high_libido paralysis,---,12/10/2021 14:52,12/10/2021 14:51,tabala,12/10/2021 16:43,https://www.commcarehq.org/a/onewater/reports/form_data/6b8f5294-848a-4ce7-8395-80641d2d803b/,tabala
45,f164f711-74d4-417d-b4e3-247448251d59,14/10/2021,-0.1398388 34.3601431 1273.56 4.3,1,---,sia_cnty,---,Rarieda,---,East Asembo,health_worker,1,aggressive running_aimlessly hydrophobia excessive_salivation biting_objects high_libido,---,14/10/2021 06:44,14/10/2021 06:41,tabala,14/10/2021 07:50,https://www.commcarehq.org/a/onewater/reports/form_data/f164f711-74d4-417d-b4e3-247448251d59/,tabala
46,32ea4eff-7e1c-4f48-a454-3cb37b19c5e0,15/10/2021,0.0325706 34.2763963 1238.48 9.0,5,---,sia_cnty,---,Alego_Usonga,---,Siaya Township,health_worker,1,aggressive hydrophobia,---,15/10/2021 12:40,15/10/2021 12:11,oigo,15/10/2021 14:07,https://www.commcarehq.org/a/onewater/reports/form_data/32ea4eff-7e1c-4f48-a454-3cb37b19c5e0/,oigo
47,fa1b1624-94b4-4718-aade-e51256fbc92e,17/10/2021,-0.2772828 34.2971551 1191.01 10.7,5,---,sia_cnty,---,Rarieda,---,West Uyoma,health_worker,1,aggressive excessive_salivation biting_objects,---,17/10/2021 07:36,17/10/2021 07:34,oigo,17/10/2021 07:36,https://www.commcarehq.org/a/onewater/reports/form_data/fa1b1624-94b4-4718-aade-e51256fbc92e/,oigo
48,54a7ee6d-ffc3-4e85-a873-d72ee8351a1b,18/10/2021,-0.2446023 34.3005931 1160.41 9.0,5,---,sia_cnty,---,Rarieda,---,West Uyoma,health_worker,1,aggressive hydrophobia excessive_salivation,---,18/10/2021 10:37,18/10/2021 10:36,oigo,18/10/2021 10:38,https://www.commcarehq.org/a/onewater/reports/form_data/54a7ee6d-ffc3-4e85-a873-d72ee8351a1b/,oigo
49,321eba82-a9b2-44d6-a5ac-0cf91b07b67e,19/10/2021,-1.7712976 37.4115732 1586.84 5.93,1,---,mkn_cnty,Kaiti,---,Ilima,---,health_worker,1,excessive_salivation paralysis ,Anorexia,19/10/2021 09:33,19/10/2021 09:31,jim,19/10/2021 09:33,https://www.commcarehq.org/a/onewater/reports/form_data/321eba82-a9b2-44d6-a5ac-0cf91b07b67e/,jim
50,76bc5b4a-2431-4323-a183-74bee5288b25,18/10/2021,-1.9334696559235454 37.75779174640775 1062.0 7.5,1,---,mkn_cnty,Makueni,---,Kathonzweni,---,health_worker,1,aggressive running_aimlessly excessive_salivation biting_objects high_libido,---,18/10/2021 09:39,18/10/2021 09:35,muteti,21/10/2021 10:07,https://www.commcarehq.org/a/onewater/reports/form_data/76bc5b4a-2431-4323-a183-74bee5288b25/,muteti
51,af2ff2ef-60b9-4324-8b7f-c18c060de5b2,26/10/2021,-0.064701 34.0863101 1128.26 6.5,1,---,sia_cnty,---,Bondo,---,Yimbo East,toll_free_line,1,aggressive biting_objects high_libido,---,26/10/2021 09:15,26/10/2021 09:15,oigo,26/10/2021 09:15,https://www.commcarehq.org/a/onewater/reports/form_data/af2ff2ef-60b9-4324-8b7f-c18c060de5b2/,oigo
52,168c46fa-926d-49ba-912f-5a027d218a98,28/10/2021,-0.05166 34.15811 1171.18 6.6,1,---,sia_cnty,---,Bondo,---,Yimbo East,community,1,aggressive excessive_salivation biting_objects,---,28/10/2021 07:54,28/10/2021 07:53,tabala,28/10/2021 15:57,https://www.commcarehq.org/a/onewater/reports/form_data/168c46fa-926d-49ba-912f-5a027d218a98/,tabala
53,e8a3e8ce-5a54-4f2e-8da4-14ac2ecff356,29/10/2021,-1.9464264437556267 37.6589778251946 1039.0 7.5,1,---,mkn_cnty,Makueni,---,Muvau / Kikumini,---,health_facility,0,---,---,29/10/2021 08:29,29/10/2021 08:28,muteti,01/11/2021 11:10,https://www.commcarehq.org/a/onewater/reports/form_data/e8a3e8ce-5a54-4f2e-8da4-14ac2ecff356/,muteti
54,52ffd496-57c8-4ff6-a14b-8ee7d7811f18,05/11/2021,-1.87190315220505 37.552224565297365 1271.0 8.5,1,---,mkn_cnty,Makueni,---,Muvau / Kikumini,---,health_worker,1,aggressive running_aimlessly excessive_salivation,---,05/11/2021 08:13,05/11/2021 08:12,muteti,05/11/2021 08:13,https://www.commcarehq.org/a/onewater/reports/form_data/52ffd496-57c8-4ff6-a14b-8ee7d7811f18/,muteti
55,fecd0744-9342-4e08-b32e-7a285673669a,03/11/2021,-0.0489801 34.1475246 1134.47 5.5,1,---,sia_cnty,---,Bondo,---,Yimbo East,community,1,aggressive excessive_salivation biting_objects high_libido paralysis,---,03/11/2021 06:51,03/11/2021 06:50,tabala,09/11/2021 09:11,https://www.commcarehq.org/a/onewater/reports/form_data/fecd0744-9342-4e08-b32e-7a285673669a/,tabala
56,0c57824d-2c33-40ab-93dc-652d919587cc,03/11/2021,-0.0640901 34.0819485 1132.07 5.16,1,---,sia_cnty,---,Bondo,---,West Yimbo,community,1,running_aimlessly biting_objects paralysis ,can't_eat,03/11/2021 08:18,03/11/2021 08:17,tabala,09/11/2021 09:11,https://www.commcarehq.org/a/onewater/reports/form_data/0c57824d-2c33-40ab-93dc-652d919587cc/,tabala
57,35e31716-9ad7-4856-ac62-f98942b0efad,06/11/2021,-0.1393367 34.3651 1233.14 1.0,1,---,sia_cnty,---,Rarieda,---,West Asembo,community,1,aggressive running_aimlessly excessive_salivation biting_objects high_libido,---,06/11/2021 15:06,06/11/2021 15:05,tabala,09/11/2021 09:11,https://www.commcarehq.org/a/onewater/reports/form_data/35e31716-9ad7-4856-ac62-f98942b0efad/,tabala
58,d0bb2fdd-bb19-4618-8163-409cb3e0a4ce,11/11/2021,-0.1179414 34.2079476 1151.48 7.5,5,---,sia_cnty,---,Bondo,---,Central Sakwa,health_worker,1,running_aimlessly hydrophobia excessive_salivation,---,11/11/2021 16:17,11/11/2021 16:16,oigo,11/11/2021 16:17,https://www.commcarehq.org/a/onewater/reports/form_data/d0bb2fdd-bb19-4618-8163-409cb3e0a4ce/,oigo
59,616e0783-d854-470d-a49d-e415a685e736,15/11/2021,-1.7725178366526961 37.61146140284836 1149.0 7.0,1,---,mkn_cnty,Makueni,---,Wote,---,health_worker,1,aggressive running_aimlessly biting_objects,---,15/11/2021 11:25,15/11/2021 11:21,muteti,15/11/2021 11:25,https://www.commcarehq.org/a/onewater/reports/form_data/616e0783-d854-470d-a49d-e415a685e736/,muteti
60,642c45f8-cc6d-41f0-beb4-271fb5a50ef9,19/11/2021,-1.9083334598690271 37.7243881020695 1084.0 7.5,1,---,mkn_cnty,Makueni,---,Kathonzweni,---,health_worker,1,aggressive excessive_salivation paralysis,---,19/11/2021 17:02,19/11/2021 17:01,muteti,21/11/2021 08:38,https://www.commcarehq.org/a/onewater/reports/form_data/642c45f8-cc6d-41f0-beb4-271fb5a50ef9/,muteti
61,d5a803b8-4652-4ab6-a52e-1b0203e2b058,23/11/2021,-0.1399933 34.3601633 1233.04 4.59,6,sheep,sia_cnty,---,Rarieda,---,West Asembo,health_worker,1,aggressive running_aimlessly hydrophobia excessive_salivation biting_objects high_libido,---,23/11/2021 12:35,23/11/2021 12:33,tabala,23/11/2021 18:31,https://www.commcarehq.org/a/onewater/reports/form_data/d5a803b8-4652-4ab6-a52e-1b0203e2b058/,tabala
62,792903f4-e8a3-4cc0-a772-210410b35afa,25/11/2021,-0.1393837 34.3553371 1231.47 9.85,1,---,sia_cnty,---,Rarieda,---,West Asembo,health_worker,1,aggressive running_aimlessly hydrophobia paralysis,---,25/11/2021 10:51,25/11/2021 10:46,oigo,25/11/2021 10:51,https://www.commcarehq.org/a/onewater/reports/form_data/792903f4-e8a3-4cc0-a772-210410b35afa/,oigo
63,b774acb8-8039-44fd-9c27-bbea11eab275,25/11/2021,-0.139877 34.3635917 1231.6 6.72,1,---,sia_cnty,---,Rarieda,---,West Asembo,community,1,aggressive excessive_salivation biting_objects high_libido,---,25/11/2021 09:23,25/11/2021 09:23,tabala,25/11/2021 18:01,https://www.commcarehq.org/a/onewater/reports/form_data/b774acb8-8039-44fd-9c27-bbea11eab275/,tabala
64,d72896a8-30f2-4206-990d-dbc98df0dee9,02/12/2021,-0.2887051 34.3184285 1180.84 7.0,5,---,sia_cnty,---,Rarieda,---,West Uyoma,health_worker,1,hydrophobia excessive_salivation high_libido,---,02/12/2021 12:16,02/12/2021 12:14,oigo,02/12/2021 12:16,https://www.commcarehq.org/a/onewater/reports/form_data/d72896a8-30f2-4206-990d-dbc98df0dee9/,oigo
65,4f9cbf13-7532-4029-ae37-5f28ab357634,02/12/2021,-2.0588882 37.7632922 912.71 7.5,1,---,mkn_cnty,Makueni,---,Kathonzweni,---,health_worker,1,aggressive running_aimlessly biting_objects,---,02/12/2021 12:59,02/12/2021 12:57,jim,02/12/2021 12:59,https://www.commcarehq.org/a/onewater/reports/form_data/4f9cbf13-7532-4029-ae37-5f28ab357634/,jim
66,93a3f4b5-d714-45a5-a6a2-137945e4b502,26/11/2021,-0.1392671 34.3655978 1219.05 4.9,4,---,sia_cnty,---,Rarieda,---,West Asembo,community,1,aggressive excessive_salivation high_libido,---,26/11/2021 07:35,26/11/2021 07:34,tabala,02/12/2021 16:28,https://www.commcarehq.org/a/onewater/reports/form_data/93a3f4b5-d714-45a5-a6a2-137945e4b502/,tabala
67,e7cb6b08-7162-44df-87b5-48cfa8bdb6cc,07/12/2021,-2.2844941 37.8229559 925.37 14.16,3,---,mkn_cnty,Kibwezi_East,---,Thange,---,health_worker,1,aggressive excessive_salivation biting_objects paralysis,---,07/12/2021 08:54,07/12/2021 08:38,jim,09/12/2021 13:41,https://www.commcarehq.org/a/onewater/reports/form_data/e7cb6b08-7162-44df-87b5-48cfa8bdb6cc/,jim
68,38620fcb-6d1b-40b8-acba-ecc31ca13302,14/12/2021,-1.7843445 37.4049005 1801.0 4.08,7,Wild animal (Jacal),mkn_cnty,Kaiti,---,Ilima,---,community,1,aggressive,---,14/12/2021 06:22,14/12/2021 06:19,jim,14/12/2021 06:22,https://www.commcarehq.org/a/onewater/reports/form_data/38620fcb-6d1b-40b8-acba-ecc31ca13302/,jim
69,8b83bf94-8667-4787-9c68-664ed1922dc1,17/12/2021,-0.1395224 34.3553877 1144.2 8.5,1,---,sia_cnty,---,Bondo,---,North Sakwa,health_worker,1,aggressive running_aimlessly hydrophobia paralysis,---,17/12/2021 06:55,17/12/2021 06:48,oigo,17/12/2021 06:57,https://www.commcarehq.org/a/onewater/reports/form_data/8b83bf94-8667-4787-9c68-664ed1922dc1/,oigo
70,84279763-65b7-4b2b-bfd2-e00a196ebbe9,20/12/2021,0.0174978 34.2917777 1306.8 2.83,1,---,sia_cnty,---,Alego_Usonga,---,South East Alego,health_worker,1,aggressive excessive_salivation biting_objects high_libido paralysis,---,20/12/2021 13:34,20/12/2021 13:33,tabala,20/12/2021 13:37,https://www.commcarehq.org/a/onewater/reports/form_data/84279763-65b7-4b2b-bfd2-e00a196ebbe9/,tabala
71,f0181cd2-6c66-4ba6-8716-6ecde8d28563,22/12/2021,-0.0647411 34.1414676 1139.0 6.0,1,---,sia_cnty,---,Bondo,---,Yimbo East,toll_free_line,0,---,---,22/12/2021 07:04,22/12/2021 07:02,oigo,22/12/2021 07:04,https://www.commcarehq.org/a/onewater/reports/form_data/f0181cd2-6c66-4ba6-8716-6ecde8d28563/,oigo
72,003771cd-9965-4d63-9cc3-8b44305ae7ba,29/12/2021,-2.0389832742512226 37.750071762129664 941.0 7.5,3,---,mkn_cnty,Makueni,---,Kathonzweni,---,health_worker,1,aggressive hydrophobia excessive_salivation biting_objects high_libido ,Abnormal_vocalisation.,29/12/2021 13:30,29/12/2021 13:27,muteti,31/12/2021 05:56,https://www.commcarehq.org/a/onewater/reports/form_data/003771cd-9965-4d63-9cc3-8b44305ae7ba/,muteti
73,d4cb4f30-7e83-477b-b8f4-40e2f939dc9f,30/12/2021,-1.8582553183659911 37.681130608543754 1121.0 6.0,1,---,mkn_cnty,Makueni,---,Muvau / Kikumini,---,health_worker,1,aggressive running_aimlessly excessive_salivation biting_objects,---,30/12/2021 11:42,30/12/2021 11:40,muteti,31/12/2021 05:56,https://www.commcarehq.org/a/onewater/reports/form_data/d4cb4f30-7e83-477b-b8f4-40e2f939dc9f/,muteti
74,656d6a27-9598-44a8-a65a-5f0d9dd2803b,01/01/2022,-0.1908178 34.3248385 1155.0 7.5,1,---,sia_cnty,---,Rarieda,---,West Asembo,toll_free_line,1,aggressive running_aimlessly high_libido,---,01/01/2022 09:15,01/01/2022 09:14,oigo,01/01/2022 09:15,https://www.commcarehq.org/a/onewater/reports/form_data/656d6a27-9598-44a8-a65a-5f0d9dd2803b/,oigo
75,ec21ef68-13f4-4df7-90ad-c0d8969a2cf0,27/12/2021,-0.1224183 34.2525717 1207.09 7.1,1,---,sia_cnty,---,Bondo,---,Central Sakwa,toll_free_line,1,aggressive running_aimlessly hydrophobia excessive_salivation biting_objects paralysis,---,27/12/2021 08:28,27/12/2021 08:27,tabala,04/01/2022 08:12,https://www.commcarehq.org/a/onewater/reports/form_data/ec21ef68-13f4-4df7-90ad-c0d8969a2cf0/,tabala
76,e60e69c1-d641-4f79-a905-c03f0925f0d6,14/01/2022,-0.0640961 34.0814785 1116.0 7.5,1,---,sia_cnty,---,Bondo,---,Yimbo East,community,1,running_aimlessly biting_objects,---,14/01/2022 10:27,14/01/2022 10:26,oigo,14/01/2022 10:27,https://www.commcarehq.org/a/onewater/reports/form_data/e60e69c1-d641-4f79-a905-c03f0925f0d6/,oigo
77,79c5f9e1-96df-4371-8ed6-9365cff1a3c2,18/01/2022,-0.0333599 34.1584061 1155.0 6.5,1,---,sia_cnty,---,Bondo,---,Yimbo East,health_worker,1,aggressive running_aimlessly biting_objects,---,18/01/2022 10:21,18/01/2022 10:20,oigo,18/01/2022 10:21,https://www.commcarehq.org/a/onewater/reports/form_data/79c5f9e1-96df-4371-8ed6-9365cff1a3c2/,oigo
78,19f3cad3-f1c5-46f2-8636-bbfae320595e,27/01/2022,-1.3950553815811872 37.688366789370775 1213.0 8.0,1,---,mkn_cnty,Mbooni,---,Kalawa,---,community,1,aggressive running_aimlessly excessive_salivation biting_objects,---,27/01/2022 11:08,27/01/2022 11:05,muteti,31/01/2022 06:50,https://www.commcarehq.org/a/onewater/reports/form_data/19f3cad3-f1c5-46f2-8636-bbfae320595e/,muteti
79,32fe031c-4deb-4dae-ad98-69264f9eb7b6,31/01/2022,-1.8152316 37.6304977 1114.0 4.87,1,---,mkn_cnty,Makueni,---,Wote,---,health_worker,1,aggressive running_aimlessly biting_objects ,Biting_animals_and_dogs,31/01/2022 14:13,31/01/2022 14:09,jim,31/01/2022 14:13,https://www.commcarehq.org/a/onewater/reports/form_data/32fe031c-4deb-4dae-ad98-69264f9eb7b6/,jim
80,b006dde8-3aa9-4d6d-a1b7-1b6e921edecb,31/01/2022,-0.0511755 34.1472944 1140.09 4.5,1,---,sia_cnty,---,Bondo,---,Yimbo East,toll_free_line,1,aggressive running_aimlessly hydrophobia excessive_salivation biting_objects high_libido,---,31/01/2022 13:22,31/01/2022 13:21,tabala,31/01/2022 14:39,https://www.commcarehq.org/a/onewater/reports/form_data/b006dde8-3aa9-4d6d-a1b7-1b6e921edecb/,tabala
81,b74fb460-d170-4d87-a0d6-f67efc47cdc8,05/02/2022,-0.0597567 34.1457683 1124.9 5.3,1,---,sia_cnty,---,Bondo,---,Yimbo East,toll_free_line,1,aggressive running_aimlessly excessive_salivation biting_objects high_libido paralysis,---,05/02/2022 12:39,05/02/2022 12:38,tabala,05/02/2022 12:48,https://www.commcarehq.org/a/onewater/reports/form_data/b74fb460-d170-4d87-a0d6-f67efc47cdc8/,tabala
82,2020ee7d-ba26-4fef-a25c-e272bcf09333,10/02/2022,0.0987504 34.2226898 1213.0 9.75,5,---,sia_cnty,---,Alego_Usonga,---,Central Alego,health_worker,1,aggressive running_aimlessly hydrophobia excessive_salivation,---,10/02/2022 09:55,10/02/2022 09:53,oigo,10/02/2022 09:55,https://www.commcarehq.org/a/onewater/reports/form_data/2020ee7d-ba26-4fef-a25c-e272bcf09333/,oigo
83,89416bb8-5197-47e0-a2dc-f92e694e20ac,10/02/2022,0.0864564 34.1967015 1238.8 3.9,1,---,sia_cnty,---,Alego_Usonga,---,West Alego,health_worker,1,aggressive running_aimlessly hydrophobia excessive_salivation biting_objects high_libido,---,10/02/2022 12:04,10/02/2022 12:02,tabala,10/02/2022 12:04,https://www.commcarehq.org/a/onewater/reports/form_data/89416bb8-5197-47e0-a2dc-f92e694e20ac/,tabala
84,ca66e12c-7afc-4826-a824-54af1b22af63,11/02/2022,-1.7516776 37.6623483 1071.0 7.0,1,---,mkn_cnty,Mbooni,---,Waia / Kako,---,health_worker,1,running_aimlessly excessive_salivation ,Anorexia,11/02/2022 10:34,11/02/2022 10:32,jim,11/02/2022 10:34,https://www.commcarehq.org/a/onewater/reports/form_data/ca66e12c-7afc-4826-a824-54af1b22af63/,jim
85,4f001650-d8c9-446d-91b5-5565cc9e1602,13/02/2022,0.0555358 34.3062222 0.0 3700.0,1,---,sia_cnty,---,Alego_Usonga,---,Siaya Township,health_worker,1,aggressive excessive_salivation biting_objects high_libido paralysis,---,13/02/2022 15:23,13/02/2022 15:19,tabala,13/02/2022 15:24,https://www.commcarehq.org/a/onewater/reports/form_data/4f001650-d8c9-446d-91b5-5565cc9e1602/,tabala
86,3caa0c1c-c62d-4b5d-867b-a711c81ab719,14/02/2022,-1.9981000805273652 37.8240817040205 967.0 9.0,1,---,mkn_cnty,Makueni,---,Kitise / Kithuki,---,health_worker,1,aggressive excessive_salivation biting_objects,---,14/02/2022 10:55,14/02/2022 10:52,muteti,14/02/2022 10:55,https://www.commcarehq.org/a/onewater/reports/form_data/3caa0c1c-c62d-4b5d-867b-a711c81ab719/,muteti
87,61d7c8fa-3b5c-4e99-9775-0df2c1f18225,14/02/2022,-1.851837756112218 37.880335338413715 807.0 7.0,3,---,mkn_cnty,Makueni,---,Mavindini,---,health_worker,1,aggressive hydrophobia biting_objects,---,14/02/2022 13:24,14/02/2022 13:22,muteti,14/02/2022 13:24,https://www.commcarehq.org/a/onewater/reports/form_data/61d7c8fa-3b5c-4e99-9775-0df2c1f18225/,muteti
88,a8951219-c989-4196-9975-fde6c7700177,14/02/2022,-1.8519054 37.8803763 830.0 8.0,3,---,mkn_cnty,Makueni,---,Mavindini,---,health_worker,1,---,Was_bitten_by_her_rabid_mother,14/02/2022 13:27,14/02/2022 13:25,jim,14/02/2022 13:27,https://www.commcarehq.org/a/onewater/reports/form_data/a8951219-c989-4196-9975-fde6c7700177/,jim
89,66416a54-c8ee-4df2-b7b1-5edee83cf9e0,17/02/2022,0.0935377 34.2324974 1228.0 17.0,5,---,sia_cnty,---,Alego_Usonga,---,Central Alego,health_worker,1,hydrophobia excessive_salivation paralysis,---,17/02/2022 11:49,17/02/2022 11:47,oigo,17/02/2022 11:49,https://www.commcarehq.org/a/onewater/reports/form_data/66416a54-c8ee-4df2-b7b1-5edee83cf9e0/,oigo
90,72d999e8-7e6c-48f9-9ac9-7530984afa1b,20/02/2022,-0.0321981 34.1592096 1170.59 3.9,5,---,sia_cnty,---,Bondo,---,Yimbo East,toll_free_line,1,aggressive running_aimlessly hydrophobia excessive_salivation high_libido,---,20/02/2022 09:14,20/02/2022 09:12,tabala,20/02/2022 09:14,https://www.commcarehq.org/a/onewater/reports/form_data/72d999e8-7e6c-48f9-9ac9-7530984afa1b/,tabala
91,db830cc9-626a-48be-9d52-f6710dfb6df8,25/02/2022,-1.900881570763886 37.73942682892084 1042.0 6.5,1,---,mkn_cnty,Makueni,---,Kathonzweni,---,health_worker,0,---,---,25/02/2022 12:41,25/02/2022 12:39,muteti,01/03/2022 06:21,https://www.commcarehq.org/a/onewater/reports/form_data/db830cc9-626a-48be-9d52-f6710dfb6df8/,muteti
92,f1959d62-b58e-4e74-b566-eb80522fca85,25/02/2022,-1.9044190272688866 37.64380590990186 1083.0 9.0,1,---,mkn_cnty,Makueni,---,Kathonzweni,---,health_worker,1,aggressive running_aimlessly excessive_salivation biting_objects,---,25/02/2022 15:44,25/02/2022 15:43,muteti,01/03/2022 06:21,https://www.commcarehq.org/a/onewater/reports/form_data/f1959d62-b58e-4e74-b566-eb80522fca85/,muteti
93,e559aa07-db08-4fbb-bfb9-e2657059e8d2,23/02/2022,-2.062434 37.748352 883.0 15.75,3,---,mkn_cnty,Makueni,---,Kitise / Kithuki,---,health_worker,1,aggressive running_aimlessly biting_objects high_libido,Anorexia Abnormal_vocalization,23/02/2022 08:56,23/02/2022 08:54,jim,01/03/2022 14:15,https://www.commcarehq.org/a/onewater/reports/form_data/e559aa07-db08-4fbb-bfb9-e2657059e8d2/,jim
94,78a4e93f-814c-40c0-8496-ab4619ca3916,01/03/2022,-1.8516625 37.6547936 0.0 2599.99,3,---,mkn_cnty,Makueni,---,Muvau / Kikumini,---,health_worker,1,aggressive biting_objects high_libido ,Abnormal_vocalization,01/03/2022 14:21,01/03/2022 14:18,muteti,01/03/2022 14:21,https://www.commcarehq.org/a/onewater/reports/form_data/78a4e93f-814c-40c0-8496-ab4619ca3916/,muteti
95,ac9dbcc8-95d9-4a34-a20b-49eea0662cd6,03/03/2022,-0.081198 34.3879835 1354.7 3.9,1,---,sia_cnty,---,Rarieda,---,East Asembo,community,1,aggressive hydrophobia excessive_salivation biting_objects high_libido paralysis,---,03/03/2022 06:45,03/03/2022 06:43,tabala,03/03/2022 06:45,https://www.commcarehq.org/a/onewater/reports/form_data/ac9dbcc8-95d9-4a34-a20b-49eea0662cd6/,tabala
96,94632892-36a3-4695-946a-ef86ed6b1dcf,06/03/2022,-0.0935193 34.2223259 1247.5 6.21,1,---,sia_cnty,---,Bondo,---,West Sakwa,community,1,aggressive running_aimlessly excessive_salivation biting_objects high_libido paralysis,---,06/03/2022 09:48,06/03/2022 09:45,tabala,06/03/2022 09:48,https://www.commcarehq.org/a/onewater/reports/form_data/94632892-36a3-4695-946a-ef86ed6b1dcf/,tabala
97,b1fc7a50-b03f-4b87-bdab-0c83fd8b2b65,08/03/2022,-1.7767430702224374 37.651226157322526 1061.0 7.5,1,---,mkn_cnty,Makueni,---,Wote,---,health_worker,1,excessive_salivation paralysis,---,08/03/2022 08:37,08/03/2022 08:36,muteti,08/03/2022 08:38,https://www.commcarehq.org/a/onewater/reports/form_data/b1fc7a50-b03f-4b87-bdab-0c83fd8b2b65/,muteti
98,c51ee7ce-8bdf-43a4-ac01-9776c33c2444,08/03/2022,-1.7862470587715507 37.627882305532694 1109.0 8.5,1,---,mkn_cnty,Makueni,---,Wote,---,health_worker,1,excessive_salivation paralysis,---,08/03/2022 16:31,08/03/2022 16:30,muteti,10/03/2022 22:02,https://www.commcarehq.org/a/onewater/reports/form_data/c51ee7ce-8bdf-43a4-ac01-9776c33c2444/,muteti
99,053f5a5a-5634-4a2f-ae2f-5f8a0212aeaa,10/03/2022,-1.7636173451319337 37.63430275954306 1100.0 6.5,1,---,mkn_cnty,Makueni,---,Wote,---,health_worker,1,aggressive running_aimlessly biting_objects,---,10/03/2022 10:00,10/03/2022 09:59,muteti,10/03/2022 22:02,https://www.commcarehq.org/a/onewater/reports/form_data/053f5a5a-5634-4a2f-ae2f-5f8a0212aeaa/,muteti
100,34f9e6a6-7e09-4829-b499-202ac2a6eb54,12/03/2022,-1.8359362 37.8649977 905.0 8.0,1,---,mkn_cnty,Makueni,---,Mavindini,---,community,1,aggressive running_aimlessly ,Biting_animals,12/03/2022 05:44,12/03/2022 05:42,jim,12/03/2022 05:44,https://www.commcarehq.org/a/onewater/reports/form_data/34f9e6a6-7e09-4829-b499-202ac2a6eb54/,jim
101,82e05969-38cb-4943-b4ce-7cec25c53625,26/02/2022,-0.1389228 34.1935759 1167.0 9.0,1,---,sia_cnty,---,Bondo,---,Central Sakwa,community,1,running_aimlessly hydrophobia excessive_salivation biting_objects,---,26/02/2022 08:05,26/02/2022 08:04,oigo,13/03/2022 14:08,https://www.commcarehq.org/a/onewater/reports/form_data/82e05969-38cb-4943-b4ce-7cec25c53625/,oigo
102,8ad21540-7b99-4785-8194-7cd832c86a8a,13/03/2022,0.1063233 34.5162148 1447.0 11.5,1,---,sia_cnty,---,Gem,---,Yala,toll_free_line,0,---,---,13/03/2022 14:09,13/03/2022 14:06,oigo,13/03/2022 14:09,https://www.commcarehq.org/a/onewater/reports/form_data/8ad21540-7b99-4785-8194-7cd832c86a8a/,oigo
103,5af8ff63-6216-4dd6-9a9c-f5a366ec3b67,16/03/2022,-0.0321072 34.1565658 1159.2 3.9,1,---,sia_cnty,---,Bondo,---,Yimbo East,toll_free_line,1,aggressive running_aimlessly hydrophobia biting_objects high_libido paralysis,---,16/03/2022 14:39,16/03/2022 14:38,tabala,16/03/2022 14:46,https://www.commcarehq.org/a/onewater/reports/form_data/5af8ff63-6216-4dd6-9a9c-f5a366ec3b67/,tabala
104,3f50b695-c820-456e-83ed-c18fa61f93bd,18/03/2022,0.0876167 34.1993533 1208.7 3.96,1,---,sia_cnty,---,Alego_Usonga,---,West Alego,toll_free_line,1,aggressive running_aimlessly excessive_salivation biting_objects high_libido paralysis,---,18/03/2022 08:25,18/03/2022 08:02,tabala,18/03/2022 08:25,https://www.commcarehq.org/a/onewater/reports/form_data/3f50b695-c820-456e-83ed-c18fa61f93bd/,tabala
105,d8f6f1ac-1944-4105-b729-bf65fac89ea6,20/03/2022,-0.2885262 34.305724 1177.0 7.0,1,---,sia_cnty,---,Rarieda,---,West Uyoma,health_worker,1,aggressive hydrophobia excessive_salivation biting_objects,---,20/03/2022 10:18,20/03/2022 10:15,oigo,20/03/2022 10:18,https://www.commcarehq.org/a/onewater/reports/form_data/d8f6f1ac-1944-4105-b729-bf65fac89ea6/,oigo
106,01c5dd41-5b56-484a-8596-d139f2e91839,14/03/2022,-1.9683431508019567 37.881371174007654 855.0 8.0,2,---,mkn_cnty,Makueni,---,Kitise / Kithuki,---,health_worker,1,aggressive running_aimlessly biting_objects,---,14/03/2022 11:16,14/03/2022 11:13,muteti,22/03/2022 10:10,https://www.commcarehq.org/a/onewater/reports/form_data/01c5dd41-5b56-484a-8596-d139f2e91839/,muteti
107,8b3f016a-9306-455c-8f33-390d16a56ccd,18/03/2022,-1.8933850061148405 37.65541492961347 1080.0 6.0,3,---,mkn_cnty,Makueni,---,Muvau / Kikumini,---,health_worker,1,aggressive biting_objects high_libido,Anorexia,18/03/2022 15:13,18/03/2022 15:11,muteti,22/03/2022 10:10,https://www.commcarehq.org/a/onewater/reports/form_data/8b3f016a-9306-455c-8f33-390d16a56ccd/,muteti
108,afe9d2fb-4519-48d9-9ee2-063ef854dbf5,22/03/2022,-1.876678909175098 37.88673710078001 852.0 10.0,1,---,mkn_cnty,Makueni,---,Mavindini,---,health_worker,1,aggressive running_aimlessly excessive_salivation biting_objects,---,22/03/2022 10:11,22/03/2022 10:10,muteti,22/03/2022 10:11,https://www.commcarehq.org/a/onewater/reports/form_data/afe9d2fb-4519-48d9-9ee2-063ef854dbf5/,muteti
109,8c45ea7c-61a7-4f64-a653-ce3a0667f01f,19/03/2022,-2.0784649 37.7718247 856.0 11.33,3,---,mkn_cnty,Makueni,---,Kathonzweni,---,health_worker,1,aggressive running_aimlessly biting_objects high_libido ,Anorexia,19/03/2022 06:59,19/03/2022 06:57,jim,22/03/2022 20:29,https://www.commcarehq.org/a/onewater/reports/form_data/8c45ea7c-61a7-4f64-a653-ce3a0667f01f/,jim
110,1820c068-400f-484d-a8b9-781d18e6cd6e,23/03/2022,0.1120457 34.2412478 1241.0 9.0,5,---,sia_cnty,---,Alego_Usonga,---,Central Alego,health_worker,1,aggressive running_aimlessly hydrophobia excessive_salivation high_libido,---,23/03/2022 08:43,23/03/2022 08:42,oigo,23/03/2022 08:43,https://www.commcarehq.org/a/onewater/reports/form_data/1820c068-400f-484d-a8b9-781d18e6cd6e/,oigo
111,0be5b81f-8c99-44b5-adee-7265bf69a7bd,29/03/2022,0.0388734 34.2169225 1192.5 4.9,1,---,sia_cnty,---,Alego_Usonga,---,Central Alego,health_worker,1,aggressive running_aimlessly excessive_salivation biting_objects high_libido paralysis,---,29/03/2022 07:10,29/03/2022 07:09,tabala,29/03/2022 07:12,https://www.commcarehq.org/a/onewater/reports/form_data/0be5b81f-8c99-44b5-adee-7265bf69a7bd/,tabala
112,d20bd362-8135-4374-aaa6-e19b82320385,30/03/2022,-1.9667191 37.7664408 1009.0 9.61,3,---,mkn_cnty,Makueni,---,Kathonzweni,---,health_worker,1,aggressive hydrophobia biting_objects high_libido paralysis,---,30/03/2022 08:24,30/03/2022 08:22,jim,30/03/2022 08:24,https://www.commcarehq.org/a/onewater/reports/form_data/d20bd362-8135-4374-aaa6-e19b82320385/,jim
113,13e2be60-4811-4864-af6c-2c25f3ba4574,01/04/2022,-0.2553002 34.3097779 1208.9 3.9,1,---,sia_cnty,---,Rarieda,---,West Uyoma,health_worker,1,aggressive running_aimlessly hydrophobia biting_objects high_libido paralysis,---,01/04/2022 08:13,01/04/2022 08:12,tabala,01/04/2022 08:18,https://www.commcarehq.org/a/onewater/reports/form_data/13e2be60-4811-4864-af6c-2c25f3ba4574/,tabala
114,baa222d4-d189-4a6c-b1a6-13db32097ce4,02/04/2022,0.0536117 34.2107733 1231.59 5.3,1,---,sia_cnty,---,Alego_Usonga,---,Central Alego,toll_free_line,1,aggressive running_aimlessly hydrophobia excessive_salivation biting_objects high_libido paralysis,---,02/04/2022 13:24,02/04/2022 13:23,tabala,02/04/2022 13:32,https://www.commcarehq.org/a/onewater/reports/form_data/baa222d4-d189-4a6c-b1a6-13db32097ce4/,tabala
115,29bb9620-d049-4c99-81fe-e16e58e98cb4,12/04/2022,-2.5938617 38.0650083 362.0 10.7,3,---,mkn_cnty,Kibwezi_East,---,Ivingoni / Nzambani,---,health_worker,1,aggressive running_aimlessly biting_objects ,Anorexia,12/04/2022 11:11,12/04/2022 11:08,jim,12/04/2022 11:11,https://www.commcarehq.org/a/onewater/reports/form_data/29bb9620-d049-4c99-81fe-e16e58e98cb4/,jim
116,f8943eb0-bfd0-4e52-91ae-7fb36fb0cf6d,13/04/2022,-0.2621147 34.337932 1184.0 7.5,1,---,sia_cnty,---,Rarieda,---,North Uyoma,health_worker,1,aggressive running_aimlessly excessive_salivation high_libido,---,13/04/2022 05:27,13/04/2022 05:26,oigo,13/04/2022 05:27,https://www.commcarehq.org/a/onewater/reports/form_data/f8943eb0-bfd0-4e52-91ae-7fb36fb0cf6d/,oigo
117,62211d03-b4b2-4dd6-8ab8-cb59a47c8aeb,13/04/2022,-2.0162536 37.7479335 973.0 8.33,1,---,mkn_cnty,Makueni,---,Kathonzweni,---,health_worker,1,aggressive running_aimlessly biting_objects,---,13/04/2022 07:23,13/04/2022 07:22,muteti,20/04/2022 12:42,https://www.commcarehq.org/a/onewater/reports/form_data/62211d03-b4b2-4dd6-8ab8-cb59a47c8aeb/,muteti
118,6e4fedf6-9480-48a4-b532-bc896de0d752,20/04/2022,-2.0574213 37.5267921 1080.0 11.05,1,---,mkn_cnty,Kibwezi_West,---,Emali / Mulala,---,toll_free_line,1,aggressive biting_objects,---,20/04/2022 12:42,20/04/2022 12:40,muteti,20/04/2022 12:43,https://www.commcarehq.org/a/onewater/reports/form_data/6e4fedf6-9480-48a4-b532-bc896de0d752/,muteti
119,b6fc7793-f960-4abb-8909-7b6e7c4cb52b,20/04/2022,0.1325182 34.4244418 1315.0 82.38,5,---,sia_cnty,---,Gem,---,North Gem,health_worker,1,aggressive excessive_salivation high_libido,---,20/04/2022 13:30,20/04/2022 13:29,oigo,20/04/2022 13:30,https://www.commcarehq.org/a/onewater/reports/form_data/b6fc7793-f960-4abb-8909-7b6e7c4cb52b/,oigo
120,a268a4eb-e5fd-449f-a09c-9d7a8dc29d03,23/04/2022,-1.8823492 37.6005636 0.0 4000.0,1,---,mkn_cnty,Makueni,---,Muvau / Kikumini,---,health_worker,1,aggressive running_aimlessly excessive_salivation paralysis,---,23/04/2022 10:13,23/04/2022 10:10,muteti,23/04/2022 10:13,https://www.commcarehq.org/a/onewater/reports/form_data/a268a4eb-e5fd-449f-a09c-9d7a8dc29d03/,muteti
121,bb627eea-e7b4-43c9-89c6-ad67ccd8e883,27/04/2022,0.0887153 34.1981338 1229.0 7.5,1,---,sia_cnty,---,Alego_Usonga,---,Central Alego,toll_free_line,1,aggressive running_aimlessly hydrophobia excessive_salivation biting_objects high_libido paralysis,---,27/04/2022 14:45,27/04/2022 14:44,tabala,27/04/2022 14:45,https://www.commcarehq.org/a/onewater/reports/form_data/bb627eea-e7b4-43c9-89c6-ad67ccd8e883/,tabala
122,59e7d9b8-1561-4c1c-b58e-fa6ed21fe7ee,28/04/2022,-0.1912971 34.3248673 1156.0 4.97,1,---,sia_cnty,---,Rarieda,---,West Asembo,health_worker,0,---,---,28/04/2022 14:05,28/04/2022 14:04,tabala,28/04/2022 14:05,https://www.commcarehq.org/a/onewater/reports/form_data/59e7d9b8-1561-4c1c-b58e-fa6ed21fe7ee/,tabala
123,c3839c65-084e-4c66-9ce7-117a69f70c7a,01/05/2022,0.07509 34.1514466 1160.0 9.0,1,---,sia_cnty,---,Alego_Usonga,---,West Alego,health_worker,0,---,---,01/05/2022 07:22,01/05/2022 07:21,oigo,01/05/2022 07:23,https://www.commcarehq.org/a/onewater/reports/form_data/c3839c65-084e-4c66-9ce7-117a69f70c7a/,oigo
124,41d050b3-08ea-41e9-8d58-9e16adf66fdd,03/05/2022,-2.6185173 38.1177536 792.0 9.3,3,---,mkn_cnty,Kibwezi_East,---,Mtito Andei,---,health_worker,1,aggressive running_aimlessly excessive_salivation biting_objects,Abnormal_vocalization,03/05/2022 09:17,03/05/2022 09:13,muteti,03/05/2022 09:19,https://www.commcarehq.org/a/onewater/reports/form_data/41d050b3-08ea-41e9-8d58-9e16adf66fdd/,muteti
125,12fc9644-d169-4a85-805f-e8307e766057,09/05/2022,-1.9565235 37.89699 847.0 4.56,2,---,mkn_cnty,Makueni,---,Kitise / Kithuki,---,toll_free_line,1,aggressive running_aimlessly biting_objects,---,09/05/2022 08:07,09/05/2022 08:05,muteti,09/05/2022 08:07,https://www.commcarehq.org/a/onewater/reports/form_data/12fc9644-d169-4a85-805f-e8307e766057/,muteti
126,b664638f-4541-41ee-9f9a-9ee9863469c7,09/05/2022,-0.1511209 34.3726216 1179.0 5.0,1,---,sia_cnty,---,Rarieda,---,East Asembo,health_worker,1,aggressive hydrophobia excessive_salivation paralysis,---,09/05/2022 10:50,09/05/2022 10:49,tabala,09/05/2022 10:51,https://www.commcarehq.org/a/onewater/reports/form_data/b664638f-4541-41ee-9f9a-9ee9863469c7/,tabala
127,18bca1b0-96f7-4cdf-9193-02ec3fabc8f1,10/05/2022,-0.0089388 34.1194591 1177.0 5.38,5,---,sia_cnty,---,Bondo,---,Yimbo East,health_worker,1,aggressive hydrophobia excessive_salivation high_libido,---,10/05/2022 06:49,10/05/2022 06:47,tabala,10/05/2022 06:49,https://www.commcarehq.org/a/onewater/reports/form_data/18bca1b0-96f7-4cdf-9193-02ec3fabc8f1/,tabala
128,bf93d647-70fd-4109-b055-638007758799,10/05/2022,-2.0353289 37.769492 1144.0 8.34,1,---,mkn_cnty,Makueni,---,Kathonzweni,---,health_worker,1,aggressive running_aimlessly excessive_salivation biting_objects ,Biting_other_dogs,10/05/2022 12:25,10/05/2022 12:22,jim,10/05/2022 12:25,https://www.commcarehq.org/a/onewater/reports/form_data/bf93d647-70fd-4109-b055-638007758799/,jim
129,03aac762-627f-498e-9e18-a21b7213322c,13/05/2022,-1.8188301 37.3372644 1712.0 9.75,7,wild animal,mkn_cnty,Kilome,---,Mukaa,---,health_worker,1,aggressive running_aimlessly ,Biting_Animals,13/05/2022 13:17,13/05/2022 13:15,jim,13/05/2022 13:17,https://www.commcarehq.org/a/onewater/reports/form_data/03aac762-627f-498e-9e18-a21b7213322c/,jim
130,a2a91acc-2e44-4431-92e8-50330fd1723a,16/05/2022,-2.0027478 37.4159767 1202.0 8.5,1,---,mkn_cnty,Makueni,---,Mbitini,---,health_worker,1,aggressive running_aimlessly excessive_salivation biting_objects paralysis,---,16/05/2022 14:24,16/05/2022 14:22,muteti,16/05/2022 14:24,https://www.commcarehq.org/a/onewater/reports/form_data/a2a91acc-2e44-4431-92e8-50330fd1723a/,muteti
131,34786d9a-b376-4a75-bf9a-1d61a1338b6a,18/05/2022,0.0088372 34.0988396 1131.0 7.35,5,---,sia_cnty,---,Bondo,---,Yimbo East,health_worker,1,aggressive running_aimlessly excessive_salivation high_libido,---,18/05/2022 06:42,18/05/2022 06:40,tabala,18/05/2022 06:42,https://www.commcarehq.org/a/onewater/reports/form_data/34786d9a-b376-4a75-bf9a-1d61a1338b6a/,tabala
132,61734607-8d8e-4ffe-838e-a737f2b03791,19/05/2022,-1.7760287 37.632733 1137.0 57.42,1,---,mkn_cnty,Mbooni,---,Tulimani,---,health_worker,1,paralysis ,Anorexia,19/05/2022 05:57,19/05/2022 05:55,muteti,19/05/2022 05:57,https://www.commcarehq.org/a/onewater/reports/form_data/61734607-8d8e-4ffe-838e-a737f2b03791/,muteti
133,04fcc4c7-4b22-4e56-907e-b6610b6a2da9,23/05/2022,0.0514289 34.2779851 1278.0 8.0,1,---,sia_cnty,---,Alego_Usonga,---,Siaya Township,health_worker,1,hydrophobia excessive_salivation paralysis,---,23/05/2022 11:14,23/05/2022 11:13,oigo,23/05/2022 11:14,https://www.commcarehq.org/a/onewater/reports/form_data/04fcc4c7-4b22-4e56-907e-b6610b6a2da9/,oigo
134,cb2a5b27-1a62-4545-80d8-46724a6cb4b9,25/05/2022,0.0555359 34.2825282 1298.0 6.5,1,---,sia_cnty,---,Alego_Usonga,---,Siaya Township,toll_free_line,1,aggressive hydrophobia excessive_salivation paralysis,---,25/05/2022 07:36,25/05/2022 07:35,oigo,25/05/2022 07:36,https://www.commcarehq.org/a/onewater/reports/form_data/cb2a5b27-1a62-4545-80d8-46724a6cb4b9/,oigo
135,649d8efd-ac5e-49fb-a420-2211c32b1a55,28/05/2022,0.2023327 34.3630015 1294.0 5.06,5,---,sia_cnty,---,Ugunja,---,Sigomere,health_worker,1,aggressive running_aimlessly high_libido paralysis,Abnormal_vocalization,28/05/2022 11:04,28/05/2022 11:02,tabala,28/05/2022 11:05,https://www.commcarehq.org/a/onewater/reports/form_data/649d8efd-ac5e-49fb-a420-2211c32b1a55/,tabala
136,bf2c867b-c646-427f-a088-9703892473a2,03/06/2022,0.1992256 34.3392067 1267.0 7.5,1,---,sia_cnty,---,Ugunja,---,Ugunja,health_worker,1,excessive_salivation biting_objects paralysis,---,03/06/2022 06:52,03/06/2022 06:50,oigo,03/06/2022 06:52,https://www.commcarehq.org/a/onewater/reports/form_data/bf2c867b-c646-427f-a088-9703892473a2/,oigo
137,80f57bf1-e6dd-4d84-95d9-6d263b4aadab,03/06/2022,-1.8189811 37.3369929 1703.0 7.64,5,---,mkn_cnty,Kilome,---,Mukaa,---,health_worker,1,hydrophobia excessive_salivation paralysis ,Anorexia,03/06/2022 10:47,03/06/2022 10:45,muteti,03/06/2022 10:47,https://www.commcarehq.org/a/onewater/reports/form_data/80f57bf1-e6dd-4d84-95d9-6d263b4aadab/,muteti
138,4464c9e1-6f95-4cc2-bc0d-1d96ae8b5c67,04/06/2022,-1.9998655 37.7064121 1003.0 10.53,1,---,mkn_cnty,Makueni,---,Kathonzweni,---,health_worker,1,aggressive biting_objects paralysis,---,04/06/2022 14:40,04/06/2022 14:38,muteti,04/06/2022 14:40,https://www.commcarehq.org/a/onewater/reports/form_data/4464c9e1-6f95-4cc2-bc0d-1d96ae8b5c67/,muteti
139,bc4eb26d-8631-41ee-8899-d57dc5dfbc20,09/06/2022,-0.2436026 34.3405267 1179.0 4.5,1,---,sia_cnty,---,Rarieda,---,North Uyoma,health_worker,1,aggressive hydrophobia biting_objects high_libido paralysis,---,09/06/2022 16:19,09/06/2022 16:18,tabala,09/06/2022 16:20,https://www.commcarehq.org/a/onewater/reports/form_data/bc4eb26d-8631-41ee-8899-d57dc5dfbc20/,tabala
140,db51fd49-a35c-4cbc-9e21-d67ce7798746,13/06/2022,-1.940887 37.7142607 1075.0 16.33,1,---,mkn_cnty,Makueni,---,Kathonzweni,---,health_worker,1,aggressive running_aimlessly excessive_salivation,---,13/06/2022 14:07,13/06/2022 14:07,jim,13/06/2022 14:08,https://www.commcarehq.org/a/onewater/reports/form_data/db51fd49-a35c-4cbc-9e21-d67ce7798746/,jim
141,d4780367-de18-4d98-9609-3c9329be0a78,15/06/2022,-2.0733317 37.667126 1016.0 9.79,1,---,mkn_cnty,Kibwezi_West,---,Nguu/Masumba,---,health_worker,0,---,---,15/06/2022 14:04,15/06/2022 14:03,muteti,15/06/2022 14:04,https://www.commcarehq.org/a/onewater/reports/form_data/d4780367-de18-4d98-9609-3c9329be0a78/,muteti
142,63f51c08-e6fb-454b-aa42-b63f8c21ede1,15/06/2022,-1.8841657 37.7251635 1065.0 12.62,1,---,mkn_cnty,Makueni,---,Kathonzweni,---,health_worker,1,aggressive excessive_salivation paralysis,---,15/06/2022 16:18,15/06/2022 16:17,jim,15/06/2022 16:18,https://www.commcarehq.org/a/onewater/reports/form_data/63f51c08-e6fb-454b-aa42-b63f8c21ede1/,jim
143,e987e9b5-bcee-4abf-86c7-173fa49a7d0c,15/06/2022,-1.884068 37.7252467 1072.0 7.31,5,---,mkn_cnty,Makueni,---,Kathonzweni,---,health_worker,1,excessive_salivation paralysis ,Anorexia,15/06/2022 16:15,15/06/2022 16:12,muteti,15/06/2022 16:21,https://www.commcarehq.org/a/onewater/reports/form_data/e987e9b5-bcee-4abf-86c7-173fa49a7d0c/,muteti
144,a5a436d2-6312-4cdc-99c0-004694d5e73f,16/06/2022,-0.0475245 34.4200927 1285.0 5.0,1,---,sia_cnty,---,Gem,---,South Gem,toll_free_line,1,aggressive running_aimlessly excessive_salivation,---,16/06/2022 12:08,16/06/2022 12:06,oigo,16/06/2022 12:08,https://www.commcarehq.org/a/onewater/reports/form_data/a5a436d2-6312-4cdc-99c0-004694d5e73f/,oigo
145,0ab6cabc-4863-4a79-898b-fade0b6c4888,17/06/2022,-1.7750566 37.6357727 1105.0 5.71,3,---,mkn_cnty,Makueni,---,Wote,---,health_worker,1,aggressive excessive_salivation paralysis,Anorexia,17/06/2022 08:04,17/06/2022 08:02,jim,17/06/2022 08:04,https://www.commcarehq.org/a/onewater/reports/form_data/0ab6cabc-4863-4a79-898b-fade0b6c4888/,jim
146,2fbab003-2141-4d06-9606-1f2f063daab1,17/06/2022,-2.0374283 37.7641233 0.0 4300.0,1,---,mkn_cnty,Makueni,---,Kathonzweni,---,health_worker,1,hydrophobia paralysis,Anorexia,17/06/2022 10:46,17/06/2022 10:43,muteti,17/06/2022 10:46,https://www.commcarehq.org/a/onewater/reports/form_data/2fbab003-2141-4d06-9606-1f2f063daab1/,muteti
147,d58a2f3c-a9ac-4a6f-bfe6-de463e55f61e,21/06/2022,-1.9036766 37.7194788 1088.0 9.53,1,---,mkn_cnty,Makueni,---,Kathonzweni,---,health_worker,0,---,---,21/06/2022 07:53,21/06/2022 07:52,muteti,21/06/2022 07:53,https://www.commcarehq.org/a/onewater/reports/form_data/d58a2f3c-a9ac-4a6f-bfe6-de463e55f61e/,muteti
148,b8b6973d-b437-4c10-94a1-53c3fb9a36bf,21/06/2022,-0.0535205 34.1570374 1156.0 6.2,5,---,sia_cnty,---,Bondo,---,Yimbo East,health_worker,1,aggressive running_aimlessly hydrophobia excessive_salivation high_libido paralysis,---,21/06/2022 12:48,21/06/2022 12:47,tabala,21/06/2022 12:49,https://www.commcarehq.org/a/onewater/reports/form_data/b8b6973d-b437-4c10-94a1-53c3fb9a36bf/,tabala
149,7c33b538-010f-4f48-ab7d-810f918ffc9e,22/06/2022,-0.2353645 34.2617011 1130.0 544.97,1,---,sia_cnty,---,Rarieda,---,West Uyoma,toll_free_line,1,aggressive running_aimlessly hydrophobia biting_objects,---,22/06/2022 07:57,22/06/2022 07:56,oigo,22/06/2022 07:57,https://www.commcarehq.org/a/onewater/reports/form_data/7c33b538-010f-4f48-ab7d-810f918ffc9e/,oigo
150,176262ab-b3a3-4685-8af3-2e67a381c1f2,22/06/2022,0.0809929 34.2420502 1220.0 5.22,5,---,sia_cnty,---,Alego_Usonga,---,Central Alego,health_worker,1,aggressive hydrophobia excessive_salivation high_libido paralysis,---,22/06/2022 14:53,22/06/2022 14:50,tabala,22/06/2022 14:53,https://www.commcarehq.org/a/onewater/reports/form_data/176262ab-b3a3-4685-8af3-2e67a381c1f2/,tabala
151,3d2787dd-1594-4d7a-ac64-cce879657aff,25/06/2022,0.1134189 34.451805 1394.0 4.94,1,---,sia_cnty,---,Gem,---,North Gem,toll_free_line,1,aggressive running_aimlessly excessive_salivation biting_objects high_libido paralysis,---,25/06/2022 13:06,25/06/2022 13:04,tabala,25/06/2022 13:07,https://www.commcarehq.org/a/onewater/reports/form_data/3d2787dd-1594-4d7a-ac64-cce879657aff/,tabala
152,ae97d07d-8e0e-44da-bc2a-b0485bda915a,25/06/2022,-1.9170113 37.638041 1071.0 9.33,1,---,mkn_cnty,Makueni,---,Muvau / Kikumini,---,health_worker,1,aggressive running_aimlessly excessive_salivation,---,25/06/2022 12:11,25/06/2022 12:10,muteti,26/06/2022 08:18,https://www.commcarehq.org/a/onewater/reports/form_data/ae97d07d-8e0e-44da-bc2a-b0485bda915a/,muteti
153,8d8e659a-ce5f-418c-a15a-4d242ee0e2c8,28/06/2022,-0.1394914 34.355399 1216.0 19.64,1,---,sia_cnty,---,Rarieda,---,West Asembo,health_worker,1,aggressive biting_objects,---,28/06/2022 07:54,28/06/2022 07:47,oigo,28/06/2022 07:56,https://www.commcarehq.org/a/onewater/reports/form_data/8d8e659a-ce5f-418c-a15a-4d242ee0e2c8/,oigo
154,aef99198-df00-462b-8a47-54654700f172,29/06/2022,-0.0656039 34.405968 1328.0 12.18,1,---,sia_cnty,---,Gem,---,South Gem,toll_free_line,1,aggressive running_aimlessly high_libido,---,29/06/2022 04:34,29/06/2022 04:33,oigo,29/06/2022 04:34,https://www.commcarehq.org/a/onewater/reports/form_data/aef99198-df00-462b-8a47-54654700f172/,oigo
155,92212481-abf9-4557-a7df-a72809346868,05/07/2022,-1.9545825 37.477391 1515.0 7.85,3,---,mkn_cnty,Makueni,---,Mbitini,---,health_worker,1,aggressive biting_objects,Anorexia abnormal_vocalization,05/07/2022 14:27,05/07/2022 14:24,muteti,05/07/2022 14:27,https://www.commcarehq.org/a/onewater/reports/form_data/92212481-abf9-4557-a7df-a72809346868/,muteti
156,7d0614cf-6c68-4da7-a2bd-59b10e0402b1,08/07/2022,-1.9768624 37.7129425 1005.0 6.35,3,---,mkn_cnty,Makueni,---,Kathonzweni,---,health_worker,1,aggressive excessive_salivation,Anorexis,08/07/2022 09:21,08/07/2022 09:20,jim,08/07/2022 09:21,https://www.commcarehq.org/a/onewater/reports/form_data/7d0614cf-6c68-4da7-a2bd-59b10e0402b1/,jim
157,444ac3ff-16ca-4300-b1f8-c350e0a7cfad,08/07/2022,-1.9510251 37.7232204 1022.0 611.57,1,---,mkn_cnty,Makueni,---,Kathonzweni,---,health_worker,0,---,---,08/07/2022 13:05,08/07/2022 13:04,jim,08/07/2022 13:05,https://www.commcarehq.org/a/onewater/reports/form_data/444ac3ff-16ca-4300-b1f8-c350e0a7cfad/,jim
158,affef081-4ef7-400d-b406-0ddabe1d68c7,12/07/2022,-0.1825339 34.3808759 1133.0 9.07,1,---,sia_cnty,---,Rarieda,---,East Asembo,health_worker,1,running_aimlessly excessive_salivation biting_objects paralysis,---,12/07/2022 12:22,12/07/2022 12:21,oigo,12/07/2022 12:22,https://www.commcarehq.org/a/onewater/reports/form_data/affef081-4ef7-400d-b406-0ddabe1d68c7/,oigo
159,f2560f3e-54a7-4e0d-ac94-142ce85c7fb0,12/07/2022,-1.7230035 37.4228509 1353.0 9.91,3,---,mkn_cnty,Kaiti,---,Ukia,---,health_worker,1,aggressive biting_objects high_libido,Abnormal_vocalization,12/07/2022 13:02,12/07/2022 13:00,muteti,12/07/2022 13:02,https://www.commcarehq.org/a/onewater/reports/form_data/f2560f3e-54a7-4e0d-ac94-142ce85c7fb0/,muteti